idade,renda_mensal,dependentes,estado_civil,valor_investir_mensal,experiencia_anos,patrimonio_atual,dividas_percentual,tolerancia_perda_1,tolerancia_perda_2,objetivo_prazo,conhecimento_mercado,estabilidade_emprego,reserva_emergencia,planos_grandes_gastos,perfil_risco,score_risco,tipo_persona
30,12415.5,2,1,2132.17,1,57357.87,15.5,8,10,2,2,9,1,0,moderado,0.59,familia_jovem
25,10070.46,0,2,2357.98,2,30208.51,12.8,8,6,3,4,9,0,0,moderado,0.5,jovem_profissional
26,11784.93,0,1,3468.75,4,58677.15,31.1,10,10,3,5,5,0,0,moderado,0.5,jovem_profissional
47,14293.08,0,0,4749.33,2,203051.74,9.1,6,7,3,3,9,1,1,agressivo,0.771,meia_idade
18,3512.61,0,0,817.39,0,0.0,29.3,8,10,3,3,7,0,0,moderado,0.5,jovem_iniciante
80,6363.64,0,1,1205.66,20,128174.59,7.7,10,10,1,8,9,1,0,moderado,0.55,aposentado
55,23041.4,0,1,6069.82,10,949356.45,19.1,10,10,2,9,9,1,0,agressivo,0.83,meia_idade
23,3406.28,0,0,397.79,0,39944.2,20.9,6,6,1,0,3,1,1,conservador,0.284,jovem_iniciante
69,6925.87,0,1,1694.45,8,306297.42,18.6,7,7,1,8,8,1,0,moderado,0.55,aposentado
19,2345.21,0,0,131.07,0,3806.88,12.0,5,3,3,0,7,0,0,moderado,0.45,jovem_iniciante
20,3308.38,1,0,425.33,0,24572.7,12.9,6,7,3,0,8,0,1,moderado,0.435,jovem_iniciante
23,3501.48,0,0,593.13,1,3004.97,36.2,9,7,3,1,3,0,0,moderado,0.464,jovem_iniciante
19,3815.92,0,1,898.14,0,0.0,14.9,10,10,3,3,4,0,0,moderado,0.5,jovem_iniciante
18,3369.94,0,0,767.34,0,25050.66,12.1,8,6,3,1,6,0,1,moderado,0.45,jovem_iniciante
18,3048.45,1,0,632.34,0,25020.34,17.2,5,5,3,0,3,0,1,moderado,0.374,jovem_iniciante
67,13064.52,1,1,3166.6,11,531211.85,3.2,10,10,1,8,9,1,0,moderado,0.55,aposentado
59,12308.57,0,1,2901.38,8,218313.82,13.7,9,9,1,8,7,1,1,moderado,0.622,pre_aposentadoria
23,3427.8,0,0,347.75,1,9366.33,12.3,6,5,3,3,7,0,0,moderado,0.5,jovem_iniciante
23,3747.45,0,0,432.53,1,46346.51,33.4,9,10,3,2,4,1,1,moderado,0.539,jovem_iniciante
55,13587.21,1,1,4792.04,13,668880.36,5.3,9,7,1,9,10,1,1,agressivo,0.65,pre_aposentadoria
29,10564.29,0,0,3867.46,5,102881.67,39.0,9,10,3,7,5,0,1,moderado,0.5,jovem_profissional
22,1595.64,0,1,98.24,0,10741.23,37.0,10,9,3,3,3,0,1,moderado,0.45,jovem_iniciante
36,8642.21,2,1,1565.59,5,76311.01,27.5,5,5,2,7,9,0,0,moderado,0.5,familia_jovem
65,24962.69,0,0,5534.94,12,570325.28,8.6,9,10,1,9,10,1,1,moderado,0.55,pre_aposentadoria
35,11588.51,0,2,2418.72,5,126329.52,12.8,9,7,2,5,10,1,0,agressivo,0.81,familia_jovem
24,2735.94,1,1,379.06,0,32607.11,33.4,6,5,3,3,3,0,1,conservador,0.317,jovem_iniciante
20,3503.54,2,1,672.32,0,49273.55,31.6,4,6,3,1,8,1,0,moderado,0.46,jovem_iniciante
55,12714.29,0,0,2815.35,7,536495.72,5.4,7,7,2,7,8,0,0,moderado,0.5,meia_idade
21,1660.57,0,0,147.7,0,22556.67,33.1,8,10,3,0,5,0,0,moderado,0.45,jovem_iniciante
61,20764.41,0,1,5635.68,7,994834.31,7.8,7,8,1,9,8,1,0,moderado,0.55,pre_aposentadoria
64,21287.84,1,0,4577.72,4,325869.74,6.5,3,4,2,6,7,1,1,moderado,0.55,pre_aposentadoria
23,2060.56,1,1,144.11,0,48224.97,10.6,8,7,2,0,7,1,0,moderado,0.369,jovem_iniciante
30,5342.31,1,0,783.48,0,78840.51,19.5,9,10,3,1,5,1,1,moderado,0.535,jovem_profissional
22,3625.73,0,0,564.11,0,0.0,25.2,6,6,2,3,3,0,0,moderado,0.366,jovem_iniciante
62,24146.17,0,1,6870.63,20,828518.49,9.7,10,10,1,9,7,1,0,moderado,0.55,pre_aposentadoria
54,18375.64,0,1,6421.52,10,435552.29,6.8,10,10,2,9,7,1,0,agressivo,0.782,meia_idade
24,2721.44,0,0,216.15,1,38021.35,22.1,8,8,3,3,6,1,0,moderado,0.582,jovem_iniciante
32,6167.33,0,1,1496.39,1,34347.22,22.3,10,9,2,3,9,1,0,moderado,0.611,jovem_profissional
26,10661.03,0,1,2330.26,2,39605.9,39.2,5,4,3,5,5,1,0,agressivo,0.693,jovem_profissional
32,6725.65,0,0,1168.66,3,103248.81,19.4,7,5,3,5,5,1,0,agressivo,0.746,jovem_profissional
54,18134.16,0,1,6619.72,12,641266.13,19.8,9,10,2,9,8,1,0,agressivo,0.827,meia_idade
21,1934.53,0,0,103.04,0,0.0,18.6,10,10,3,3,3,0,1,moderado,0.45,jovem_iniciante
55,18026.42,0,1,6797.82,3,754195.88,16.5,7,7,2,5,10,0,1,moderado,0.5,meia_idade
38,10004.72,2,1,3010.71,0,137702.62,5.6,6,5,2,0,9,1,1,moderado,0.489,familia_jovem
25,3790.18,2,1,611.18,1,31007.3,19.6,8,9,3,3,8,1,1,moderado,0.575,jovem_iniciante
44,5880.6,2,1,589.08,6,74951.61,26.7,9,10,2,7,9,1,1,moderado,0.637,familia_jovem
31,7035.58,2,1,734.03,7,106388.5,20.8,10,10,2,7,5,0,1,moderado,0.5,familia_jovem
19,3119.27,0,0,702.49,0,45959.18,39.4,5,4,3,1,6,0,0,moderado,0.45,jovem_iniciante
47,22688.46,0,1,4918.7,13,395592.63,5.1,10,10,2,9,8,1,0,agressivo,0.846,meia_idade
33,7017.68,0,0,1602.85,5,151747.71,15.3,5,5,3,8,8,1,1,agressivo,0.834,jovem_profissional
34,9953.29,2,1,2588.62,5,61275.22,18.1,6,7,2,6,5,1,1,moderado,0.567,familia_jovem
31,9198.69,0,0,3032.62,4,150596.33,24.0,9,10,1,5,7,1,0,moderado,0.583,jovem_profissional
26,10082.96,0,1,1628.37,1,42197.03,33.9,7,6,2,2,6,0,0,moderado,0.453,jovem_profissional
35,5926.64,0,1,1185.48,3,106097.07,27.5,9,10,3,4,5,1,0,agressivo,0.765,jovem_profissional
43,11903.14,2,0,2920.33,6,220149.07,14.0,7,5,2,7,9,0,1,moderado,0.5,familia_jovem
45,23480.49,1,1,8229.51,9,684903.07,10.5,10,9,2,9,7,1,1,agressivo,0.735,meia_idade
32,4266.92,0,1,555.21,2,29367.45,24.7,9,10,3,3,5,1,1,moderado,0.631,jovem_profissional
74,16198.39,0,1,3343.41,30,591971.52,13.5,10,10,1,8,7,1,0,moderado,0.55,aposentado
44,8685.86,2,2,1538.15,6,234809.65,10.8,10,10,2,7,5,1,0,agressivo,0.672,familia_jovem
55,14941.03,2,0,3118.19,9,277393.02,10.8,9,10,2,9,8,1,1,agressivo,0.735,meia_idade
54,14937.97,0,1,3122.46,11,681177.41,7.3,10,10,2,9,7,1,1,agressivo,0.752,meia_idade
21,3104.26,0,0,573.32,0,0.0,12.1,7,9,1,1,5,1,1,conservador,0.3,jovem_iniciante
38,13584.06,2,0,4980.08,4,100739.67,8.3,5,7,2,5,9,0,1,moderado,0.5,familia_jovem
32,9762.46,1,0,2965.61,1,141225.98,23.2,10,10,2,1,5,1,1,moderado,0.536,familia_jovem
26,7922.15,0,0,942.17,0,38508.6,28.7,4,5,3,2,8,1,0,moderado,0.613,jovem_profissional
46,22497.48,0,1,5702.06,6,619866.29,25.7,6,7,2,6,9,1,0,agressivo,0.783,meia_idade
27,9494.57,0,0,3177.82,0,36733.15,34.4,4,6,3,0,8,0,0,moderado,0.466,jovem_profissional
45,24462.78,0,1,8851.09,6,585272.39,13.8,7,9,2,8,8,1,1,agressivo,0.79,meia_idade
65,14134.92,0,1,3212.11,0,693745.93,6.8,7,9,1,0,8,1,1,conservador,0.3,aposentado
21,2440.49,1,0,260.54,0,0.0,12.5,8,6,3,0,8,0,0,moderado,0.438,jovem_iniciante
34,7536.35,0,0,1520.33,0,92072.48,19.8,4,3,3,0,5,0,1,moderado,0.407,jovem_profissional
49,12920.6,0,1,4211.05,13,174728.73,17.5,10,10,3,9,10,0,1,moderado,0.5,meia_idade
64,18585.69,0,0,4296.86,9,641418.56,16.0,5,5,1,9,10,1,0,moderado,0.55,pre_aposentadoria
29,9966.44,0,0,2765.57,0,76226.18,37.2,4,4,3,1,6,0,0,moderado,0.45,jovem_profissional
20,3400.54,0,0,635.63,0,628.77,30.4,10,10,3,2,4,0,0,moderado,0.45,jovem_iniciante
38,10914.2,1,0,3906.45,7,120589.99,6.9,7,5,2,7,10,1,1,agressivo,0.744,familia_jovem
45,15645.47,0,1,6092.83,10,486754.71,16.3,10,8,2,9,7,1,0,agressivo,0.79,meia_idade
33,8878.44,0,0,2658.84,3,117022.26,24.7,4,4,1,6,7,0,1,moderado,0.424,jovem_profissional
69,10000.43,0,1,3155.47,11,468171.01,2.6,8,10,1,8,8,1,1,moderado,0.55,aposentado
55,23511.62,0,1,9117.62,11,350002.67,6.8,9,10,1,9,7,1,1,moderado,0.645,meia_idade
31,11619.29,0,0,3755.49,6,168431.07,20.6,10,8,2,7,10,1,1,agressivo,0.818,familia_jovem
48,17078.19,1,0,5457.79,15,336624.03,19.3,10,10,2,9,10,1,0,agressivo,0.814,meia_idade
21,3503.15,1,0,404.22,0,5000.19,35.4,8,7,3,1,6,0,1,moderado,0.353,jovem_iniciante
50,23818.02,0,2,5805.12,11,545894.63,0.6,9,7,2,9,8,0,0,moderado,0.5,meia_idade
47,20900.3,0,1,3916.3,2,477809.41,28.5,4,4,1,2,8,1,1,moderado,0.536,meia_idade
26,10693.5,0,0,1987.86,4,60651.07,22.9,8,10,3,7,6,1,0,agressivo,0.808,jovem_profissional
67,19301.06,0,1,5163.68,16,864822.2,12.7,10,8,1,8,9,1,1,moderado,0.55,aposentado
23,1833.52,1,0,271.51,0,11638.03,24.4,7,6,3,0,8,1,0,moderado,0.509,jovem_iniciante
25,10328.87,0,2,2951.55,2,51168.92,17.6,8,8,3,2,7,0,1,moderado,0.5,jovem_profissional
31,9946.46,0,1,3790.37,1,136157.69,18.0,6,4,3,1,8,1,1,agressivo,0.668,jovem_profissional
40,6025.98,2,1,1226.07,7,82961.12,13.8,10,10,2,7,7,1,1,moderado,0.6,familia_jovem
24,2408.28,0,0,308.58,0,36839.83,11.0,8,6,3,2,5,0,0,moderado,0.45,jovem_iniciante
44,14488.24,1,1,4525.98,2,273698.6,11.2,9,10,2,2,9,1,1,agressivo,0.667,familia_jovem
22,3234.95,1,0,759.57,0,2010.7,23.4,9,7,3,2,8,0,0,moderado,0.496,jovem_iniciante
39,13513.62,2,1,2437.05,2,310788.94,10.0,9,7,2,4,10,1,0,agressivo,0.682,familia_jovem
32,5657.48,1,1,1264.45,7,77019.45,6.8,10,10,2,7,8,1,0,agressivo,0.726,familia_jovem
63,22795.88,0,1,8157.45,13,532447.25,10.4,9,8,1,9,7,1,1,moderado,0.55,pre_aposentadoria
34,11250.22,1,1,2169.04,2,135645.87,20.6,8,10,2,2,7,0,1,moderado,0.5,familia_jovem
49,19069.21,0,1,4241.33,0,643315.59,28.9,1,2,1,0,8,1,0,conservador,0.3,meia_idade
20,2281.46,2,0,198.61,0,34051.99,26.8,8,8,1,2,6,0,0,conservador,0.19,jovem_iniciante
31,10913.31,1,1,3604.47,1,126510.02,9.7,10,10,3,3,10,0,1,moderado,0.5,jovem_profissional
37,7151.44,1,1,1436.57,7,70640.7,12.1,10,8,2,7,6,1,1,moderado,0.626,familia_jovem
50,8769.12,0,0,2420.84,11,112442.85,15.3,9,10,1,9,7,1,0,moderado,0.635,meia_idade
57,13981.16,0,1,4907.27,1,465767.96,10.4,10,9,1,2,9,1,0,moderado,0.551,pre_aposentadoria
34,9914.55,0,1,2230.26,4,88596.37,25.4,6,7,3,4,9,1,1,agressivo,0.707,jovem_profissional
54,17819.78,0,1,6123.8,5,689720.81,7.6,9,8,3,5,8,0,0,moderado,0.5,meia_idade
21,2525.94,1,0,267.97,0,45231.26,39.9,5,4,3,2,7,0,1,conservador,0.303,jovem_iniciante
55,21662.09,0,1,8347.95,7,460280.4,19.6,8,8,2,9,9,1,0,agressivo,0.81,meia_idade
59,15755.79,1,2,5532.71,12,598660.39,5.8,9,9,1,9,10,1,1,agressivo,0.652,pre_aposentadoria
33,9569.37,0,0,3600.92,4,75859.27,10.6,10,9,2,6,8,0,1,moderado,0.5,jovem_profissional
20,2517.27,0,0,198.17,0,42703.98,18.6,10,10,3,0,4,0,1,moderado,0.45,jovem_iniciante
55,29943.44,2,2,11054.69,23,786903.36,0.2,10,10,1,9,9,1,1,moderado,0.64,pre_aposentadoria
34,13510.6,1,1,4216.27,1,141261.49,23.0,8,8,2,2,8,1,1,moderado,0.622,familia_jovem
31,8122.25,2,1,3118.59,1,59694.07,5.2,7,8,2,3,7,1,0,moderado,0.483,jovem_profissional
30,9542.15,0,1,3633.43,2,25685.52,27.2,8,8,3,3,6,1,0,agressivo,0.7,jovem_profissional
34,6989.0,1,1,1497.6,4,140572.63,22.0,5,7,3,4,9,1,1,agressivo,0.722,jovem_profissional
19,1654.4,0,1,155.82,0,20329.22,30.4,7,9,3,0,6,0,0,moderado,0.45,jovem_iniciante
44,11727.68,2,1,3454.71,4,164121.48,6.1,5,5,2,4,7,1,0,moderado,0.592,familia_jovem
27,10151.78,2,0,3784.92,5,110574.73,23.5,10,8,3,6,7,0,1,moderado,0.5,jovem_profissional
27,9822.87,2,1,3239.32,0,18067.43,22.7,6,7,3,1,8,0,0,moderado,0.481,jovem_profissional
56,10644.35,0,0,3177.19,0,422184.53,8.9,2,1,1,3,10,1,0,conservador,0.3,pre_aposentadoria
55,12802.71,0,1,4393.05,23,634480.1,16.4,10,9,1,9,8,1,0,agressivo,0.725,pre_aposentadoria
35,11259.93,3,1,3901.02,5,138690.87,13.0,8,9,3,7,8,1,0,agressivo,0.845,familia_jovem
52,23550.6,0,1,5477.06,4,736825.53,1.6,7,8,2,4,8,0,0,moderado,0.5,meia_idade
31,13736.2,1,0,5175.23,8,100703.75,12.6,10,9,2,7,10,1,1,agressivo,0.793,familia_jovem
51,23557.15,0,1,5349.96,12,694066.46,7.2,10,10,2,9,9,1,0,agressivo,0.838,meia_idade
34,10912.68,1,1,2776.13,4,146741.14,8.8,7,6,3,6,9,1,0,agressivo,0.827,jovem_profissional
52,15834.09,1,1,6004.68,4,571337.62,10.8,8,6,2,4,7,1,0,moderado,0.626,meia_idade
48,9155.46,0,1,2899.43,14,117677.38,20.4,9,7,2,9,5,0,0,moderado,0.5,meia_idade
39,5171.43,0,0,632.64,2,142601.97,9.8,7,9,2,4,8,0,1,moderado,0.5,familia_jovem
28,11921.86,0,1,4052.2,0,71888.86,12.8,5,3,3,1,5,1,0,moderado,0.594,jovem_profissional
54,24614.6,0,2,7952.29,1,1200461.43,11.3,6,6,1,3,7,0,1,moderado,0.372,meia_idade
21,2967.59,1,0,315.74,0,32762.68,27.0,9,10,3,1,8,1,0,moderado,0.553,jovem_iniciante
66,6465.29,1,2,1031.25,19,159149.22,15.5,10,8,1,8,8,1,0,moderado,0.55,aposentado
27,9437.56,0,0,1589.06,4,46708.77,18.0,6,5,3,6,7,0,0,moderado,0.5,jovem_profissional
30,10090.77,0,1,2542.99,3,29358.99,5.7,10,10,3,5,8,0,0,moderado,0.5,jovem_profissional
53,23388.53,0,0,5080.68,5,1092893.62,5.4,7,7,2,8,7,1,1,agressivo,0.714,meia_idade
52,18094.71,0,1,6521.39,9,286652.7,7.6,10,10,2,9,8,1,1,agressivo,0.806,meia_idade
45,8141.83,2,1,3191.12,4,321056.15,24.5,6,7,2,5,9,1,0,moderado,0.615,familia_jovem
45,24201.08,1,1,4048.59,14,507829.92,26.2,10,10,2,9,9,1,1,agressivo,0.79,meia_idade
51,9257.41,0,2,3401.25,12,418455.43,8.4,10,10,2,9,5,1,1,agressivo,0.708,meia_idade
35,8901.42,0,1,3484.28,5,141627.43,15.8,10,8,1,6,8,0,0,moderado,0.5,jovem_profissional
34,8449.67,3,0,3023.54,6,29680.46,23.3,8,7,2,7,8,0,1,moderado,0.5,familia_jovem
26,6402.11,0,1,798.04,2,29484.78,39.5,9,8,3,3,7,1,1,moderado,0.633,jovem_profissional
24,3074.4,0,0,398.44,1,32658.38,27.8,5,4,3,1,7,0,1,moderado,0.45,jovem_iniciante
23,1992.69,0,0,218.59,1,31112.38,28.3,10,10,2,4,7,0,0,moderado,0.434,jovem_iniciante
54,18032.86,0,0,5831.09,7,647317.25,10.2,7,8,2,9,8,1,0,agressivo,0.807,meia_idade
23,3604.96,0,0,568.11,0,45692.36,26.8,8,9,3,3,6,1,0,moderado,0.569,jovem_iniciante
18,3489.7,0,0,588.36,0,0.0,32.3,8,6,3,2,7,1,0,moderado,0.504,jovem_iniciante
45,20920.07,0,1,7067.56,13,402303.39,12.4,9,7,2,9,7,1,1,agressivo,0.75,meia_idade
48,11567.93,0,0,2332.73,13,387796.68,10.2,10,10,2,9,9,1,0,agressivo,0.844,meia_idade
33,6355.89,3,1,756.56,0,98601.41,26.7,7,6,2,1,8,1,0,moderado,0.419,familia_jovem
31,7001.38,0,1,1429.72,0,62289.79,26.9,4,6,3,0,8,1,0,moderado,0.588,jovem_profissional
63,17954.32,0,1,4209.19,15,1115527.68,11.6,10,10,1,9,7,0,1,moderado,0.5,pre_aposentadoria
45,10112.03,2,1,4033.93,0,325613.95,27.7,6,6,2,2,7,1,1,moderado,0.45,meia_idade
24,3064.01,0,0,306.9,1,42490.98,24.3,6,5,3,4,3,0,0,moderado,0.5,jovem_iniciante
24,3235.08,1,0,475.57,0,9386.81,36.4,9,8,3,1,3,0,0,moderado,0.387,jovem_iniciante
44,8511.88,2,1,1739.07,6,138950.97,27.4,10,9,2,7,7,1,0,agressivo,0.667,familia_jovem
22,3111.55,1,0,706.89,0,26059.94,29.8,7,9,2,2,8,0,1,moderado,0.366,jovem_iniciante
80,10788.28,0,2,4279.93,2,397020.82,18.7,5,4,1,5,9,1,0,moderado,0.535,aposentado
26,4133.52,1,1,660.11,0,12031.24,18.6,6,7,3,0,8,1,1,moderado,0.503,jovem_profissional
29,4632.17,0,0,903.94,1,94019.78,35.0,4,2,3,4,8,1,0,moderado,0.562,jovem_profissional
24,1789.97,0,0,215.06,0,0.0,14.9,9,9,1,2,8,1,1,conservador,0.3,jovem_iniciante
24,2179.95,0,0,121.08,0,34381.54,35.8,6,5,3,2,3,1,0,moderado,0.45,jovem_iniciante
18,1610.09,0,1,109.32,0,4673.09,38.8,10,10,1,3,8,0,1,conservador,0.254,jovem_iniciante
33,10020.41,3,2,1675.73,8,153127.21,16.6,10,10,2,7,9,0,0,moderado,0.5,familia_jovem
29,8510.45,0,2,3399.47,3,66960.82,33.3,8,7,2,3,6,1,0,moderado,0.547,jovem_profissional
30,14509.9,0,1,3040.43,4,64465.65,17.3,6,4,2,5,7,0,1,moderado,0.5,familia_jovem
63,18261.14,0,0,3348.7,23,1046749.57,16.4,10,10,1,9,8,1,1,moderado,0.55,pre_aposentadoria
61,24014.51,0,2,4419.34,8,1116501.03,15.4,9,7,1,9,10,1,0,moderado,0.55,pre_aposentadoria
28,7615.34,0,1,1705.52,0,80262.03,30.9,10,10,3,1,7,0,0,moderado,0.474,jovem_profissional
27,4248.66,0,0,489.81,5,33813.8,33.8,10,8,1,6,4,1,0,moderado,0.496,jovem_profissional
32,10823.24,3,0,3371.4,0,104849.87,25.2,10,10,2,0,8,1,0,moderado,0.546,familia_jovem
52,8501.2,1,1,2223.09,6,285971.87,3.0,9,10,2,7,7,1,1,agressivo,0.651,meia_idade
26,6238.21,0,2,1132.54,4,13562.63,10.6,7,8,3,7,7,1,0,agressivo,0.743,jovem_profissional
27,4208.5,0,2,755.07,2,13148.76,33.0,10,9,3,2,4,1,0,moderado,0.611,jovem_profissional
45,20988.85,0,1,7583.38,12,718419.08,9.4,8,8,2,9,9,1,0,agressivo,0.83,meia_idade
36,13366.97,1,1,2306.66,8,286352.32,10.8,8,7,2,7,9,1,0,agressivo,0.793,familia_jovem
20,3796.95,0,0,460.37,0,9415.33,13.3,6,4,3,3,7,0,0,moderado,0.46,jovem_iniciante
20,3330.88,0,0,817.1,0,28355.96,30.8,7,9,3,1,8,0,0,moderado,0.47,jovem_iniciante
29,5018.79,0,2,1228.49,4,88192.66,11.0,5,7,3,4,8,0,0,moderado,0.5,jovem_profissional
23,1919.72,0,0,143.89,1,0.0,12.0,5,5,3,1,3,0,0,moderado,0.454,jovem_iniciante
78,12396.23,1,1,3650.86,3,546495.77,15.2,4,2,2,5,7,0,0,moderado,0.464,aposentado
26,8376.37,2,1,2731.75,4,41748.42,22.9,10,9,3,7,6,0,0,moderado,0.5,jovem_profissional
78,15457.95,0,1,2689.36,8,1043526.62,7.9,3,1,1,8,7,1,1,moderado,0.514,aposentado
36,5969.87,1,0,1299.83,1,74120.99,16.8,6,6,3,4,6,0,0,moderado,0.5,familia_jovem
18,2158.24,0,0,258.23,0,3574.54,12.9,6,7,3,1,7,0,0,moderado,0.45,jovem_iniciante
45,10727.14,3,1,2955.6,6,151714.74,27.5,5,7,2,7,7,1,0,agressivo,0.65,familia_jovem
57,29443.3,0,1,5902.79,13,1306483.27,16.5,10,10,1,9,7,1,0,agressivo,0.676,pre_aposentadoria
29,8157.51,0,1,2079.34,5,70719.32,22.4,10,9,3,5,5,1,0,agressivo,0.787,jovem_profissional
33,11041.09,0,1,1759.58,5,170230.04,11.9,10,10,2,6,7,1,1,agressivo,0.764,jovem_profissional
55,16757.32,1,1,6587.71,15,701213.96,4.6,10,10,1,9,9,1,0,agressivo,0.7,pre_aposentadoria
36,9417.17,2,1,3345.49,7,198495.05,17.9,10,10,2,7,6,0,1,moderado,0.5,familia_jovem
48,8562.21,0,1,2365.58,6,91914.18,20.9,9,7,2,7,7,1,0,agressivo,0.654,meia_idade
80,13803.2,0,1,2382.41,28,576001.94,0.5,10,9,1,8,8,1,0,moderado,0.55,aposentado
18,2685.24,0,0,387.48,0,392.04,31.4,9,9,3,3,5,0,0,moderado,0.45,jovem_iniciante
33,10594.49,2,2,3812.37,4,86641.21,19.0,7,5,3,6,9,1,1,agressivo,0.714,jovem_profissional
35,6390.33,1,1,1214.19,0,75797.07,21.5,5,4,3,3,7,0,0,moderado,0.445,jovem_profissional
25,8664.19,1,0,2457.67,2,77786.1,33.5,10,10,3,3,9,0,0,moderado,0.5,jovem_profissional
22,3312.97,0,0,442.28,0,44757.49,36.1,6,7,3,2,5,0,0,moderado,0.45,jovem_iniciante
62,11073.54,0,1,3046.54,19,494902.08,17.3,10,8,1,9,8,1,0,moderado,0.55,pre_aposentadoria
79,7148.36,0,1,904.44,2,544724.18,12.7,4,2,1,3,6,1,0,moderado,0.402,aposentado
46,10199.9,2,1,1626.18,13,216609.7,10.0,10,10,2,9,7,1,1,agressivo,0.708,meia_idade
23,2280.23,0,0,182.01,1,21165.3,18.7,8,10,3,3,6,1,1,moderado,0.564,jovem_iniciante
32,6874.01,0,0,1702.91,3,83049.99,10.3,10,8,3,3,8,1,0,agressivo,0.756,jovem_profissional
31,10939.24,0,0,2856.0,0,31688.98,8.1,7,7,2,1,8,1,0,moderado,0.568,familia_jovem
35,4807.84,0,1,556.45,5,85142.82,23.0,9,7,3,6,5,1,1,agressivo,0.69,jovem_profissional
31,6362.81,0,1,860.1,1,39668.76,5.3,8,6,3,4,6,1,1,moderado,0.618,jovem_profissional
19,3761.95,0,0,835.07,0,17405.07,36.2,9,9,3,0,3,1,1,moderado,0.472,jovem_iniciante
20,3158.39,2,0,663.14,0,11451.64,21.2,6,6,2,3,6,0,0,conservador,0.31,jovem_iniciante
61,22976.93,1,2,8296.68,22,1122546.5,2.1,10,10,1,9,10,1,1,moderado,0.55,pre_aposentadoria
57,19661.59,0,1,4493.84,14,652787.76,14.1,10,10,1,9,9,1,1,agressivo,0.696,pre_aposentadoria
43,11617.13,0,1,4333.37,6,156704.25,20.3,10,10,2,7,8,0,0,moderado,0.5,familia_jovem
22,1625.88,1,0,153.51,0,28599.04,27.2,8,6,3,3,5,0,0,moderado,0.416,jovem_iniciante
33,9034.4,2,2,2795.1,1,57032.54,27.3,4,5,2,3,5,1,1,moderado,0.419,familia_jovem
34,8799.61,0,1,1807.76,3,134287.14,13.5,6,6,3,5,5,0,0,moderado,0.5,jovem_profissional
24,1767.4,0,0,122.05,1,4904.14,20.1,8,10,2,4,8,0,0,moderado,0.472,jovem_iniciante
65,12955.47,0,2,4473.14,26,245714.21,18.2,10,10,1,8,10,1,1,moderado,0.55,aposentado
31,7349.32,0,2,1804.8,1,99731.52,16.3,8,10,3,3,9,1,0,agressivo,0.708,jovem_profissional
39,11866.11,1,1,2736.27,2,281469.18,7.9,8,8,2,5,9,1,0,agressivo,0.722,familia_jovem
19,1563.18,0,0,231.9,0,30215.25,30.5,8,8,3,0,5,1,0,moderado,0.462,jovem_iniciante
63,27296.83,0,1,8845.05,7,1356490.53,13.9,7,5,1,9,10,1,1,moderado,0.55,pre_aposentadoria
33,4430.42,1,1,911.31,3,60296.55,21.2,8,10,3,4,5,1,1,moderado,0.604,jovem_profissional
20,3337.7,0,0,626.15,0,0.0,17.7,5,5,3,1,3,0,0,moderado,0.45,jovem_iniciante
22,2726.38,0,1,278.26,0,11485.14,33.6,9,10,1,1,8,0,0,conservador,0.251,jovem_iniciante
25,3991.58,0,0,543.06,0,64296.55,29.3,9,10,1,2,6,1,1,conservador,0.3,jovem_iniciante
33,9791.8,0,1,2660.44,2,56518.29,12.4,6,4,3,3,9,1,0,agressivo,0.714,jovem_profissional
21,3662.38,0,1,776.55,0,0.0,14.6,6,7,3,0,3,0,0,moderado,0.45,jovem_iniciante
26,8599.7,0,1,1970.2,3,25235.4,21.7,9,10,3,3,5,0,0,moderado,0.5,jovem_profissional
35,6410.81,0,1,670.72,3,69569.86,8.9,8,7,2,5,6,0,1,moderado,0.495,jovem_profissional
76,19360.87,0,0,5792.07,4,370121.07,10.7,6,6,3,5,8,0,1,moderado,0.5,aposentado
26,5450.86,0,1,782.73,4,68598.53,12.0,8,6,3,7,7,0,0,moderado,0.5,jovem_profissional
22,3048.79,0,0,622.01,0,9067.16,14.6,4,5,2,1,4,1,0,moderado,0.411,jovem_iniciante
30,5074.45,0,1,878.11,3,90558.36,7.7,7,9,2,4,9,0,0,moderado,0.5,jovem_profissional
32,13921.05,2,0,2215.73,6,211586.53,11.5,10,9,2,7,9,0,0,moderado,0.5,familia_jovem
23,2755.42,1,0,181.64,0,43896.68,27.0,6,8,3,1,8,1,1,moderado,0.494,jovem_iniciante
25,2079.37,0,1,184.67,0,7891.47,37.5,7,7,3,2,8,0,0,moderado,0.45,jovem_iniciante
24,2413.24,0,1,245.28,1,45360.07,20.6,7,7,3,4,7,0,1,moderado,0.472,jovem_iniciante
28,4616.71,0,1,1027.42,1,32390.45,29.8,6,4,3,4,6,0,0,moderado,0.5,jovem_profissional
45,12142.4,0,0,3558.54,4,152181.54,6.4,8,8,2,7,7,1,0,agressivo,0.71,meia_idade
46,11682.09,0,1,3507.08,15,306457.92,24.9,10,10,3,9,10,1,0,agressivo,0.948,meia_idade
27,4868.56,0,1,929.05,4,54789.22,15.3,8,10,3,4,3,1,0,agressivo,0.676,jovem_profissional
30,13969.69,1,1,4531.92,8,166398.27,15.7,10,10,2,7,8,0,0,moderado,0.5,familia_jovem
19,2208.17,0,0,111.98,0,14518.8,25.7,7,9,3,1,8,1,0,moderado,0.572,jovem_iniciante
24,3128.94,0,0,778.39,1,45080.62,21.9,8,10,3,3,7,0,0,moderado,0.5,jovem_iniciante
30,10193.56,0,0,3524.7,5,61708.88,28.7,10,8,2,7,9,1,0,agressivo,0.8,jovem_profissional
24,3911.43,0,0,442.86,0,0.0,17.9,5,6,3,3,7,0,0,moderado,0.457,jovem_iniciante
66,19185.74,0,1,7342.18,14,1112566.64,10.4,10,9,3,8,8,1,0,moderado,0.55,aposentado
35,5868.43,1,0,600.37,6,62114.22,22.6,10,10,2,7,7,1,0,agressivo,0.67,familia_jovem
36,9547.59,1,0,1604.92,2,95173.39,12.4,6,4,2,4,9,1,0,moderado,0.588,familia_jovem
42,10631.69,2,1,3885.94,7,295703.7,17.0,9,8,2,7,9,1,0,agressivo,0.761,familia_jovem
38,7482.58,0,1,1283.14,5,79700.48,13.8,10,10,3,6,8,1,0,agressivo,0.834,familia_jovem
22,2016.95,0,0,286.44,0,4981.73,30.3,6,8,3,3,5,0,0,moderado,0.45,jovem_iniciante
73,12362.08,0,1,2250.66,8,978853.2,10.5,4,5,1,8,9,1,1,moderado,0.55,aposentado
19,3245.61,0,0,373.61,0,31352.63,20.8,8,8,2,2,5,0,0,moderado,0.382,jovem_iniciante
30,6920.62,0,1,929.34,4,60267.8,7.5,8,8,3,7,8,0,1,moderado,0.5,jovem_profissional
52,21696.36,1,1,6303.54,10,353185.6,11.4,7,5,2,9,7,1,0,agressivo,0.716,meia_idade
33,8459.93,0,1,3305.96,3,129021.56,10.0,10,10,3,4,7,0,0,moderado,0.5,jovem_profissional
32,11117.06,2,1,3447.9,5,91379.26,28.2,6,7,3,5,7,0,0,moderado,0.5,jovem_profissional
29,9683.47,1,1,3263.08,3,83305.3,25.6,9,10,3,4,5,0,0,moderado,0.5,jovem_profissional
26,5684.57,0,0,906.98,3,13388.47,32.9,10,9,2,5,6,0,0,moderado,0.5,jovem_profissional
34,10267.42,2,0,2762.33,5,54296.57,29.4,9,10,2,7,8,1,1,agressivo,0.707,familia_jovem
25,3077.62,1,1,412.61,1,33653.79,12.7,7,6,3,1,7,1,1,moderado,0.515,jovem_iniciante
32,8280.79,0,1,2894.06,3,112701.63,19.9,10,8,3,4,8,1,0,agressivo,0.816,jovem_profissional
24,3571.07,0,0,685.58,0,0.0,30.8,7,9,3,3,4,1,0,moderado,0.512,jovem_iniciante
35,7642.74,0,0,821.17,3,115817.05,18.4,10,9,3,5,7,0,0,moderado,0.5,jovem_profissional
19,1876.71,1,0,163.54,0,10514.77,30.9,8,7,2,0,7,0,0,conservador,0.247,jovem_iniciante
51,22080.28,0,2,4676.4,7,321901.74,19.9,8,7,2,7,8,1,1,agressivo,0.763,meia_idade
30,5268.89,0,0,1031.53,4,84164.03,10.0,10,9,3,5,8,0,0,moderado,0.5,jovem_profissional
26,7166.47,1,1,1357.56,4,65091.89,21.1,6,4,2,4,9,0,1,moderado,0.498,jovem_profissional
45,9016.18,0,1,3565.17,3,254691.51,24.7,7,8,2,3,8,1,0,agressivo,0.665,meia_idade
62,24132.52,0,0,5717.38,15,959706.76,14.6,7,7,1,9,7,1,0,moderado,0.55,pre_aposentadoria
53,14240.92,1,1,4342.53,12,161103.42,7.3,9,7,2,9,8,1,0,agressivo,0.784,meia_idade
39,8226.0,2,0,3162.48,8,146130.8,9.5,8,6,2,7,5,0,1,moderado,0.5,familia_jovem
32,8206.57,0,1,1257.83,2,99040.62,28.0,5,3,3,2,7,1,1,moderado,0.616,jovem_profissional
30,10354.0,0,0,2339.76,4,57660.52,28.6,5,7,3,5,9,0,0,moderado,0.5,jovem_profissional
35,10584.23,2,1,2717.7,5,168202.05,7.6,9,10,2,6,10,1,1,agressivo,0.745,familia_jovem
40,13448.54,2,1,2736.54,5,220397.54,24.1,6,6,2,7,10,1,0,agressivo,0.74,familia_jovem
22,2989.41,0,1,213.69,0,49604.72,19.4,8,8,3,1,3,0,0,moderado,0.45,jovem_iniciante
23,3724.06,0,0,885.14,1,7608.43,32.0,3,3,3,2,6,1,0,moderado,0.504,jovem_iniciante
33,10952.31,0,0,3753.64,6,113418.0,13.7,10,8,2,7,7,1,0,agressivo,0.794,familia_jovem
18,2298.29,0,0,344.14,0,9609.9,39.1,6,8,3,0,4,0,1,moderado,0.45,jovem_iniciante
23,1706.36,0,0,159.46,1,0.0,30.9,8,7,3,2,7,0,0,moderado,0.45,jovem_iniciante
19,2165.64,0,0,187.39,0,31084.28,15.7,5,5,3,0,5,0,0,moderado,0.45,jovem_iniciante
52,18594.1,0,1,6311.46,7,507640.36,17.1,8,10,2,9,7,1,1,agressivo,0.746,meia_idade
32,4181.98,0,1,762.46,1,45315.18,20.6,7,6,3,1,6,1,0,moderado,0.561,jovem_profissional
20,1650.28,0,0,83.89,0,31791.6,21.7,7,7,3,0,5,1,0,moderado,0.5,jovem_iniciante
24,2771.35,1,0,190.23,1,50615.45,25.0,10,10,3,1,3,0,0,moderado,0.472,jovem_iniciante
31,9955.13,0,0,3927.91,2,59912.82,17.5,8,9,3,2,9,1,0,agressivo,0.743,jovem_profissional
31,9255.45,0,1,1914.56,5,46698.05,11.0,6,5,3,7,9,0,0,moderado,0.5,jovem_profissional
20,2952.58,0,0,302.29,0,2138.61,14.1,10,9,3,1,5,0,0,moderado,0.455,jovem_iniciante
47,13399.16,1,1,3387.48,10,487710.8,16.1,10,10,1,9,8,0,1,moderado,0.5,meia_idade
38,11056.05,2,0,3560.44,3,208840.46,16.9,4,4,2,6,10,0,0,moderado,0.5,familia_jovem
18,3813.59,1,0,911.7,0,3353.25,39.6,8,10,3,2,6,1,0,moderado,0.494,jovem_iniciante
54,20500.64,0,1,7313.66,1,505019.89,0.8,7,8,2,1,10,1,1,moderado,0.597,meia_idade
22,2598.88,0,0,289.29,0,36420.62,11.6,7,9,3,3,8,0,0,moderado,0.5,jovem_iniciante
20,2482.67,0,0,174.27,0,0.0,23.6,7,6,3,0,3,0,0,moderado,0.45,jovem_iniciante
33,9658.23,1,0,2367.73,4,173051.84,24.2,10,10,3,5,6,1,0,agressivo,0.754,jovem_profissional
51,13237.06,0,0,2420.96,9,499169.08,4.1,8,9,2,9,7,1,0,agressivo,0.773,meia_idade
25,2634.35,0,1,294.99,0,32634.5,26.7,6,5,1,0,8,0,0,conservador,0.245,jovem_iniciante
22,2327.78,0,0,270.24,0,0.0,31.0,5,6,3,2,3,0,0,moderado,0.45,jovem_iniciante
31,10562.12,0,0,3418.48,0,155632.44,11.9,5,7,3,1,8,1,0,agressivo,0.708,jovem_profissional
55,16992.09,0,1,3651.86,9,260657.98,11.5,5,7,2,9,10,1,1,agressivo,0.76,meia_idade
22,3948.14,1,0,759.21,0,0.0,22.4,4,2,3,1,3,0,1,moderado,0.356,jovem_iniciante
26,6462.18,0,0,1030.12,0,32906.78,27.1,10,9,3,2,8,1,1,moderado,0.633,jovem_profissional
45,6553.86,1,1,1567.48,5,170454.73,6.4,7,9,3,7,9,1,0,agressivo,0.83,familia_jovem
41,5662.13,3,1,1281.68,5,91993.24,19.3,6,6,2,7,5,1,0,moderado,0.558,familia_jovem
60,19038.13,0,1,3033.7,9,1045365.6,4.0,10,8,1,9,10,1,0,moderado,0.55,pre_aposentadoria
32,9859.53,1,0,3900.12,1,128063.28,17.9,8,6,3,1,5,0,0,moderado,0.5,jovem_profissional
46,13665.93,0,1,4232.51,9,444545.42,10.2,9,8,2,9,10,1,0,agressivo,0.833,meia_idade
19,1538.14,0,0,118.6,0,20843.64,38.3,8,7,3,2,7,0,0,moderado,0.45,jovem_iniciante
35,4403.65,0,1,831.91,3,38693.51,25.9,5,6,3,5,5,1,0,moderado,0.635,jovem_profissional
32,14736.82,0,1,4784.31,2,195799.14,7.4,6,7,2,3,8,1,0,agressivo,0.731,familia_jovem
61,13667.06,0,0,3674.17,10,756423.57,7.0,10,10,1,9,9,1,0,moderado,0.55,pre_aposentadoria
19,2314.67,0,0,259.45,0,37545.86,26.4,10,10,3,3,6,0,0,moderado,0.482,jovem_iniciante
35,11626.12,0,1,2689.64,7,105321.19,7.4,9,10,2,7,7,1,0,agressivo,0.795,familia_jovem
50,16403.02,1,2,5069.08,4,497061.45,0.0,7,9,3,7,8,1,1,agressivo,0.79,meia_idade
35,6436.4,2,1,1234.01,2,135903.66,17.8,8,7,3,2,7,1,1,moderado,0.635,jovem_profissional
23,1774.25,1,0,145.16,1,0.0,21.5,6,5,3,2,7,0,1,moderado,0.409,jovem_iniciante
47,12904.0,0,0,4262.64,0,432166.55,17.2,7,8,2,1,7,0,1,moderado,0.431,meia_idade
64,28606.22,0,1,6831.93,13,1276272.72,3.7,8,7,1,9,10,1,0,moderado,0.55,pre_aposentadoria
18,2920.37,2,0,359.26,0,0.0,25.8,6,6,3,0,7,1,0,moderado,0.434,jovem_iniciante
35,11683.29,0,0,2755.93,4,87817.24,24.5,6,7,3,6,10,0,1,moderado,0.5,jovem_profissional
27,4282.61,1,0,832.52,5,65103.04,27.3,10,10,2,5,5,1,0,moderado,0.616,jovem_profissional
22,2130.13,0,0,143.7,0,6513.03,27.8,9,8,3,1,6,0,0,moderado,0.45,jovem_iniciante
19,3918.36,1,0,617.04,0,39303.43,29.8,9,8,3,2,3,0,1,moderado,0.427,jovem_iniciante
20,2660.04,0,0,259.24,0,18575.97,14.4,8,9,3,2,7,0,0,moderado,0.455,jovem_iniciante
65,17076.56,1,1,3701.72,20,990818.73,2.0,10,10,1,9,8,1,1,moderado,0.55,pre_aposentadoria
75,13214.19,0,1,4246.71,0,815444.7,7.0,2,1,1,0,8,1,1,conservador,0.3,aposentado
46,9468.57,1,1,2019.97,5,245625.85,16.7,6,4,2,7,8,1,1,agressivo,0.668,meia_idade
49,10753.42,0,2,2307.25,12,149510.46,25.3,10,9,2,9,10,0,0,moderado,0.5,meia_idade
34,9146.71,0,0,3035.67,0,186054.25,24.4,7,5,3,1,5,1,0,moderado,0.602,jovem_profissional
30,11236.94,0,1,3730.01,3,109880.74,25.3,9,10,3,6,5,1,1,agressivo,0.815,jovem_profissional
35,6422.62,0,1,1568.01,5,80399.3,7.0,9,10,3,7,6,0,0,moderado,0.5,jovem_profissional
28,6390.96,0,0,1245.72,5,25860.46,32.1,10,10,2,5,9,1,0,agressivo,0.694,jovem_profissional
79,19498.61,1,0,3500.91,10,365680.52,16.1,8,10,1,8,8,1,0,moderado,0.55,aposentado
18,2678.05,0,0,376.18,0,0.0,34.6,10,10,1,0,6,0,0,conservador,0.204,jovem_iniciante
21,2565.53,0,1,276.04,0,48931.57,14.1,9,8,3,1,5,0,0,moderado,0.45,jovem_iniciante
47,19837.03,0,1,6110.77,1,494436.33,14.4,8,6,1,1,9,1,1,moderado,0.506,meia_idade
47,11504.72,0,0,3715.09,13,328501.18,19.9,10,10,2,9,9,1,0,agressivo,0.846,meia_idade
19,3966.51,0,0,520.47,0,27135.26,11.6,8,9,3,1,8,1,0,moderado,0.607,jovem_iniciante
28,7477.37,0,1,1785.07,3,69765.94,15.3,9,7,3,3,5,1,0,agressivo,0.704,jovem_profissional
40,9190.66,2,1,1603.92,3,241842.35,23.4,8,7,3,6,5,1,0,agressivo,0.695,familia_jovem
62,13561.22,0,2,2719.74,6,423314.75,2.5,5,7,1,6,10,1,0,moderado,0.55,pre_aposentadoria
29,8829.09,1,1,2544.45,4,105377.27,16.9,7,6,3,7,7,0,0,moderado,0.5,jovem_profissional
58,16545.92,1,2,6197.49,18,636398.87,8.4,10,8,2,9,10,1,0,agressivo,0.784,pre_aposentadoria
46,15691.5,0,1,3208.94,0,245178.86,14.0,5,3,2,2,8,1,1,moderado,0.538,meia_idade
45,24599.15,0,1,7544.63,12,482915.68,22.6,10,8,2,9,10,1,0,agressivo,0.84,meia_idade
24,3382.22,1,0,785.1,0,34445.75,32.1,10,10,3,0,6,0,1,moderado,0.362,jovem_iniciante
27,9185.38,0,0,2616.99,1,76270.76,29.5,9,10,3,2,6,0,1,moderado,0.5,jovem_profissional
43,7771.45,1,1,1325.22,7,72084.01,18.3,10,10,2,7,6,1,0,agressivo,0.654,familia_jovem
20,2220.93,0,0,144.47,0,0.0,16.1,4,2,3,1,6,0,0,moderado,0.45,jovem_iniciante
39,6890.61,2,1,1043.37,8,76359.09,21.2,8,10,2,7,8,0,0,moderado,0.5,familia_jovem
47,21417.55,1,0,5103.38,9,318659.18,16.4,10,9,2,9,9,0,0,moderado,0.5,meia_idade
55,21505.77,0,1,5213.39,10,347251.33,4.1,8,8,2,9,9,0,0,moderado,0.5,meia_idade
57,28955.78,0,1,9028.73,23,1431749.92,5.9,10,10,1,9,10,1,0,agressivo,0.726,pre_aposentadoria
25,5115.39,0,0,785.77,3,23234.92,19.8,7,9,2,4,5,0,1,moderado,0.5,jovem_profissional
32,14758.4,3,1,3545.94,8,133555.82,8.7,9,10,2,7,7,0,0,moderado,0.5,familia_jovem
67,8235.43,1,1,2894.08,13,540488.37,19.4,6,5,1,8,6,1,0,moderado,0.521,aposentado
60,11322.32,0,1,2472.03,2,660136.13,3.5,6,7,1,3,8,0,0,moderado,0.495,pre_aposentadoria
31,13227.99,1,1,2072.96,7,103971.48,5.1,10,10,3,7,10,0,1,moderado,0.5,familia_jovem
30,6193.55,1,0,1065.74,1,81007.27,15.9,10,10,2,4,5,0,1,moderado,0.44,familia_jovem
22,1907.12,0,0,164.23,0,9180.87,29.1,8,8,3,0,7,0,0,moderado,0.45,jovem_iniciante
54,20794.68,0,1,5003.84,9,676138.5,10.7,8,8,2,9,8,1,0,agressivo,0.812,meia_idade
30,11367.26,0,0,4254.36,4,48144.66,20.3,10,10,3,4,8,1,0,agressivo,0.83,jovem_profissional
45,16151.81,1,1,5506.11,14,262097.92,13.6,10,10,1,9,8,1,0,agressivo,0.72,meia_idade
20,2024.6,0,0,254.56,0,15488.3,11.3,10,10,3,3,3,1,0,moderado,0.56,jovem_iniciante
25,10036.4,0,0,3188.06,1,82506.52,10.9,10,9,3,3,9,0,0,moderado,0.5,jovem_profissional
37,10049.09,1,1,3929.86,0,96757.16,9.3,6,4,2,3,9,1,0,moderado,0.526,familia_jovem
33,6808.49,1,1,1458.46,3,67133.5,12.9,8,9,1,6,7,1,0,moderado,0.499,familia_jovem
23,2734.28,0,0,198.47,1,19499.55,22.2,10,8,3,4,8,0,0,moderado,0.5,jovem_iniciante
33,8963.7,0,1,2667.95,1,122013.16,7.5,7,6,1,3,6,1,1,moderado,0.449,familia_jovem
24,3313.0,1,0,800.04,1,37011.98,20.7,5,6,3,2,6,0,0,moderado,0.467,jovem_iniciante
35,11539.22,0,0,2247.54,0,84621.46,20.1,2,2,3,0,7,1,0,moderado,0.55,jovem_profissional
32,5615.45,0,1,1016.84,2,80876.83,5.4,8,6,3,4,8,1,0,agressivo,0.746,jovem_profissional
22,3711.75,1,0,432.07,0,15840.87,30.3,1,3,3,3,6,0,0,conservador,0.346,jovem_iniciante
22,2736.73,1,0,153.65,0,27016.38,27.7,9,10,3,2,6,0,0,moderado,0.431,jovem_iniciante
30,4451.59,0,1,488.9,2,25198.35,12.6,9,9,3,4,3,1,1,moderado,0.64,jovem_profissional
43,7666.19,1,1,1425.0,5,208027.14,25.2,10,10,2,7,6,1,0,agressivo,0.704,familia_jovem
32,9083.55,0,0,2037.71,4,127950.2,19.3,10,9,3,4,9,0,0,moderado,0.5,jovem_profissional
25,2567.76,0,0,298.75,1,121.26,19.4,6,8,3,2,3,1,0,moderado,0.56,jovem_iniciante
25,2032.38,0,1,266.03,1,43401.03,35.6,8,9,3,1,7,0,0,moderado,0.45,jovem_iniciante
22,3610.3,0,0,505.59,0,41611.16,18.6,9,8,3,0,4,0,0,moderado,0.461,jovem_iniciante
52,16251.5,0,1,2556.12,1,741544.64,15.8,7,7,2,2,7,1,0,moderado,0.586,meia_idade
19,2284.76,1,0,316.6,0,0.0,21.9,10,9,3,0,7,0,0,moderado,0.417,jovem_iniciante
53,12280.74,1,1,4397.53,3,522603.1,14.7,2,1,2,4,8,0,0,moderado,0.5,meia_idade
31,6034.45,0,0,1097.44,2,74132.19,16.9,7,6,3,4,7,0,1,moderado,0.5,jovem_profissional
31,11906.82,1,1,3871.55,8,137964.04,27.6,10,8,2,7,10,0,1,moderado,0.5,familia_jovem
29,6407.11,0,1,1520.94,2,99247.57,28.9,10,10,3,4,5,1,1,agressivo,0.702,jovem_profissional
31,11411.98,1,1,3156.37,0,87162.1,13.8,4,6,3,2,10,1,1,moderado,0.598,jovem_profissional
35,11301.56,1,0,3322.12,6,181701.81,7.8,9,8,2,7,9,1,1,agressivo,0.775,familia_jovem
20,3218.67,0,0,511.85,0,37971.72,21.3,10,10,1,1,3,1,0,conservador,0.3,jovem_iniciante
47,8846.31,0,1,3421.85,4,256382.56,7.9,6,7,2,7,5,1,0,moderado,0.641,meia_idade
59,15759.24,0,2,3478.72,6,518514.03,13.5,5,6,1,6,9,1,0,moderado,0.647,pre_aposentadoria
28,6957.1,0,1,1712.56,0,64288.34,21.9,7,8,3,2,5,0,0,moderado,0.5,jovem_profissional
28,7767.46,2,1,1648.54,5,60178.47,11.4,10,10,3,8,7,1,1,agressivo,0.734,jovem_profissional
18,2951.22,1,0,241.21,0,20224.8,25.9,8,6,3,3,5,1,1,moderado,0.474,jovem_iniciante
29,8903.45,0,0,2975.69,2,81479.33,24.7,8,7,3,5,5,0,0,moderado,0.5,jovem_profissional
25,2150.56,0,0,260.01,1,23586.87,24.6,4,3,1,2,5,0,0,conservador,0.245,jovem_iniciante
38,10632.47,1,1,2701.76,0,189154.89,6.9,6,7,2,2,7,0,1,moderado,0.419,familia_jovem
23,2975.85,0,0,359.39,0,44508.21,24.4,6,4,3,0,8,0,0,moderado,0.45,jovem_iniciante
64,12586.4,0,0,2110.5,9,744307.21,19.0,6,7,2,9,8,1,1,moderado,0.55,pre_aposentadoria
21,1907.35,0,0,177.83,0,7096.15,34.2,6,5,3,0,5,0,0,moderado,0.45,jovem_iniciante
62,15369.59,1,1,3973.45,13,622743.92,8.5,10,8,1,9,8,1,1,moderado,0.55,pre_aposentadoria
63,22591.19,0,1,5085.24,13,868486.18,19.7,9,8,1,9,7,1,1,moderado,0.55,pre_aposentadoria
43,9130.19,1,1,3124.0,4,197647.4,5.4,6,7,1,7,5,0,1,moderado,0.409,familia_jovem
34,9792.76,0,1,3451.96,2,159049.65,10.3,10,10,3,2,8,1,0,agressivo,0.802,jovem_profissional
20,3139.5,0,0,604.39,0,14305.5,30.7,10,10,3,0,4,0,0,moderado,0.45,jovem_iniciante
48,22603.2,0,1,7854.68,7,352775.2,9.8,7,8,2,7,8,1,0,agressivo,0.799,meia_idade
32,7771.91,0,1,1233.87,1,128616.48,13.3,9,7,3,4,8,1,0,agressivo,0.756,jovem_profissional
39,5370.17,1,0,552.34,7,91974.81,19.4,8,9,2,7,8,1,1,agressivo,0.667,familia_jovem
31,4166.46,0,1,783.91,2,25741.34,22.1,7,9,3,5,4,1,0,agressivo,0.668,jovem_profissional
31,10664.65,1,1,3257.63,3,140396.89,12.1,8,7,1,6,7,1,1,moderado,0.563,jovem_profissional
28,5675.46,0,0,1272.4,2,3226.26,36.8,5,3,3,4,8,0,0,moderado,0.5,jovem_profissional
45,7578.22,2,1,1776.7,0,134786.03,26.3,7,5,2,3,8,1,1,moderado,0.46,familia_jovem
68,17354.15,0,1,4172.11,20,276016.57,14.6,10,10,1,8,7,0,0,moderado,0.5,aposentado
46,22426.12,0,1,5277.54,0,460020.96,17.6,7,8,2,1,8,1,0,moderado,0.593,meia_idade
47,21630.07,2,1,6933.51,14,445046.28,28.6,10,10,1,9,7,1,0,moderado,0.636,meia_idade
51,9044.96,1,0,2784.96,4,347268.67,14.3,5,5,2,6,7,1,0,moderado,0.578,meia_idade
33,8883.21,0,1,3083.23,5,60771.65,21.3,7,7,3,8,6,1,0,agressivo,0.784,jovem_profissional
42,12250.99,1,0,3527.63,8,288659.14,18.0,9,7,2,7,8,1,0,agressivo,0.786,familia_jovem
33,4883.54,0,0,1042.56,5,32358.66,28.5,8,9,3,5,6,0,0,moderado,0.5,jovem_profissional
54,17615.15,0,1,6098.32,7,801720.52,14.3,6,8,2,7,9,1,0,agressivo,0.782,meia_idade
52,9665.79,0,1,1764.16,2,374326.88,4.3,3,1,2,5,9,1,1,moderado,0.586,meia_idade
64,19976.55,1,1,3809.74,15,694418.33,10.1,8,10,1,9,8,1,0,moderado,0.55,pre_aposentadoria
23,3804.24,0,0,403.41,0,42822.52,14.6,7,7,3,2,5,0,0,moderado,0.464,jovem_iniciante
24,1621.63,0,0,81.42,0,47796.76,26.4,8,9,3,3,5,1,0,moderado,0.537,jovem_iniciante
54,10257.76,0,0,3405.23,14,181225.81,1.8,10,10,2,9,10,1,0,agressivo,0.832,meia_idade
44,12359.13,1,1,4039.58,0,334277.74,19.0,7,6,2,0,8,1,0,moderado,0.547,familia_jovem
20,3905.94,0,0,578.33,0,2348.3,27.7,9,10,3,0,5,0,0,moderado,0.475,jovem_iniciante
60,17640.22,0,0,3773.04,17,323105.7,1.8,10,9,2,9,7,1,0,moderado,0.55,pre_aposentadoria
20,2532.06,0,0,277.77,0,12530.79,17.1,9,10,3,3,3,0,0,moderado,0.475,jovem_iniciante
32,9841.72,1,2,3137.29,0,81674.83,11.2,3,3,2,3,5,1,0,moderado,0.416,familia_jovem
47,14346.19,2,1,2301.82,13,568580.58,25.3,10,10,1,9,7,1,0,moderado,0.636,meia_idade
42,14992.42,1,0,4250.69,8,395844.4,6.7,10,9,2,7,10,1,0,agressivo,0.801,familia_jovem
55,24071.94,0,1,5546.41,14,892565.71,4.2,10,10,2,9,7,1,0,agressivo,0.78,meia_idade
20,2532.91,0,0,291.06,0,32197.98,12.3,10,10,3,2,6,1,0,moderado,0.55,jovem_iniciante
18,1811.91,0,0,141.53,0,1579.45,37.6,8,8,3,2,8,0,1,moderado,0.45,jovem_iniciante
66,9211.35,0,2,2851.92,6,593923.28,2.2,5,4,1,7,5,1,1,moderado,0.503,aposentado
21,3702.51,2,0,666.23,0,6459.68,17.6,10,10,3,0,6,0,1,moderado,0.388,jovem_iniciante
23,2581.37,0,0,140.29,1,10299.03,31.6,10,10,3,1,6,0,0,moderado,0.454,jovem_iniciante
30,14902.65,3,0,3461.98,1,99418.85,6.6,8,6,2,1,9,1,1,moderado,0.5,familia_jovem
48,9833.29,1,1,2056.99,1,160276.08,6.8,3,1,2,1,5,1,1,moderado,0.424,meia_idade
26,10261.17,0,1,1707.95,0,53510.46,30.3,6,8,2,3,5,1,0,moderado,0.498,jovem_profissional
65,22480.16,1,1,5280.68,13,833793.0,18.8,10,10,1,9,7,0,1,moderado,0.5,pre_aposentadoria
36,14043.7,1,1,3667.6,5,109240.79,11.1,6,4,2,7,9,0,1,moderado,0.5,familia_jovem
47,15981.9,0,1,2975.03,0,416598.73,10.9,6,4,2,1,8,1,0,moderado,0.566,meia_idade
21,3169.65,1,0,476.55,0,48915.4,19.0,5,5,2,0,6,0,0,conservador,0.298,jovem_iniciante
21,2666.34,1,0,240.05,0,18844.77,34.8,8,8,1,1,5,0,1,conservador,0.128,jovem_iniciante
60,10878.1,0,1,2105.69,5,140605.07,17.0,6,5,1,6,9,1,0,moderado,0.55,pre_aposentadoria
42,11548.69,1,1,4069.44,3,324892.56,21.5,10,10,2,3,7,0,1,moderado,0.5,familia_jovem
48,17053.43,2,1,2754.96,13,511536.66,20.4,9,8,2,9,8,1,0,agressivo,0.769,meia_idade
47,22475.54,1,1,7815.86,6,864665.59,20.4,9,10,2,9,8,1,0,agressivo,0.811,meia_idade
45,9737.58,1,1,2561.18,0,251673.78,10.9,7,6,2,3,9,0,1,moderado,0.415,familia_jovem
26,5074.64,0,0,897.4,2,24806.67,20.1,6,6,3,4,7,0,0,moderado,0.5,jovem_profissional
19,2397.73,1,1,143.48,0,40556.2,12.1,8,6,3,2,4,0,0,moderado,0.412,jovem_iniciante
55,22372.62,2,1,7493.83,4,416631.74,18.2,8,8,2,7,10,1,1,agressivo,0.65,meia_idade
20,3663.67,0,0,798.3,0,33400.15,32.7,8,9,3,0,5,1,0,moderado,0.495,jovem_iniciante
61,14191.7,0,1,3212.9,11,488408.1,14.8,6,6,1,9,10,1,0,moderado,0.55,pre_aposentadoria
53,13093.83,1,0,5082.49,1,431727.58,6.6,5,7,2,4,10,1,0,moderado,0.614,meia_idade
36,9747.78,0,0,2809.57,4,142508.88,5.8,7,6,2,6,6,0,0,moderado,0.5,familia_jovem
18,2421.63,0,1,152.35,0,9606.32,22.6,6,4,3,1,4,1,0,moderado,0.494,jovem_iniciante
55,16071.26,0,1,3517.36,6,589668.66,0.1,7,8,2,7,9,1,1,agressivo,0.755,meia_idade
34,4312.68,0,1,943.84,3,49961.3,14.8,8,7,3,4,7,1,0,moderado,0.647,jovem_profissional
57,23970.44,0,1,5236.2,1,379788.15,12.6,3,2,1,4,7,1,0,moderado,0.451,pre_aposentadoria
23,2525.24,0,0,301.64,0,3699.41,32.5,10,10,3,3,4,0,0,moderado,0.45,jovem_iniciante
20,2317.78,0,0,281.28,0,19085.55,23.1,6,5,1,0,4,0,0,conservador,0.205,jovem_iniciante
26,9371.14,0,0,1486.37,3,18144.77,30.3,9,8,3,3,9,1,0,agressivo,0.713,jovem_profissional
61,23806.93,1,1,9099.13,1,799107.66,7.5,4,5,1,3,8,1,0,moderado,0.473,pre_aposentadoria
68,16953.86,0,1,6000.08,5,1011216.2,6.5,6,5,1,8,10,0,0,moderado,0.5,aposentado
27,4119.96,0,0,915.71,1,13065.35,29.5,7,6,3,4,3,1,1,moderado,0.571,jovem_profissional
64,13429.18,0,1,5278.9,20,844303.93,13.9,10,10,3,9,10,0,0,moderado,0.5,pre_aposentadoria
62,17647.43,1,0,2740.7,18,758345.08,15.2,10,10,1,9,7,0,0,moderado,0.5,pre_aposentadoria
24,2010.96,1,0,156.48,1,46794.08,29.3,9,7,3,4,8,1,1,moderado,0.582,jovem_iniciante
23,2356.82,1,0,170.27,0,0.0,36.2,6,4,2,0,4,0,1,conservador,0.184,jovem_iniciante
57,11835.19,0,0,3920.37,6,458726.32,6.2,7,6,1,7,9,1,0,agressivo,0.671,pre_aposentadoria
38,13624.26,1,0,3546.99,5,238324.59,17.6,8,9,2,7,7,1,1,agressivo,0.719,familia_jovem
34,10528.52,1,0,3174.42,4,77367.59,6.8,5,4,2,5,8,1,0,moderado,0.647,familia_jovem
60,19829.07,0,1,6152.21,23,1109483.77,11.8,10,8,1,9,8,1,1,moderado,0.55,pre_aposentadoria
50,16663.34,0,2,5564.16,1,444855.09,4.8,5,3,2,3,7,1,0,moderado,0.57,meia_idade
32,11554.12,2,1,1768.76,4,59939.66,24.3,6,7,3,4,8,1,0,agressivo,0.731,jovem_profissional
29,8005.17,0,1,2954.71,4,95864.22,31.8,5,3,3,6,6,0,0,moderado,0.5,jovem_profissional
49,8109.15,0,1,2280.62,3,129431.92,21.4,6,6,1,4,8,0,1,moderado,0.442,meia_idade
28,5485.1,0,1,884.85,1,13166.32,28.8,6,8,3,2,5,0,0,moderado,0.5,jovem_profissional
30,4237.33,0,0,1030.87,0,38831.74,21.6,7,6,3,0,6,1,1,moderado,0.475,jovem_profissional
52,16044.94,0,1,3671.18,11,354846.21,4.8,9,9,2,9,7,1,1,agressivo,0.746,meia_idade
45,15767.63,0,0,4456.84,4,446204.18,28.8,7,8,2,7,10,1,0,agressivo,0.755,meia_idade
40,5166.3,2,1,892.12,5,60839.41,23.5,6,4,2,7,5,1,0,moderado,0.58,familia_jovem
20,3674.65,0,0,533.57,0,37091.72,30.2,4,3,3,0,6,0,0,moderado,0.45,jovem_iniciante
19,1763.67,1,0,127.05,0,0.0,17.7,6,7,3,0,8,0,0,moderado,0.437,jovem_iniciante
46,21524.19,0,1,7089.22,2,364704.81,23.4,4,6,2,5,8,1,0,agressivo,0.708,meia_idade
19,2350.59,0,0,191.19,0,1289.38,21.4,10,8,3,1,6,1,0,moderado,0.532,jovem_iniciante
35,11471.4,0,0,3264.45,4,97166.22,16.5,10,9,3,7,8,1,0,agressivo,0.845,jovem_profissional
31,10988.8,1,1,3225.14,1,115748.82,20.8,10,9,2,4,7,1,0,moderado,0.643,familia_jovem
48,22417.19,1,1,8164.22,1,831915.99,23.2,4,3,2,4,9,1,0,moderado,0.599,meia_idade
31,7128.5,1,1,1298.82,5,66866.96,7.4,10,10,3,5,7,1,0,agressivo,0.758,jovem_profissional
25,2227.7,1,0,273.11,0,6254.56,27.3,4,3,3,3,8,1,1,moderado,0.475,jovem_iniciante
25,1949.08,0,2,219.66,1,50938.96,22.1,2,1,2,4,5,1,1,moderado,0.395,jovem_iniciante
42,12758.5,2,1,3988.02,1,410293.47,11.9,5,3,1,4,8,0,0,moderado,0.406,familia_jovem
38,11937.26,1,1,3084.76,6,104542.75,19.3,7,5,2,7,10,1,0,agressivo,0.774,familia_jovem
